Business Name,Contact / First & Last Name,Phone,Email,Address,City,State / Province,Notes,Birthday,Industry
Auto Detailing El Falcon,,+1-562-547-1176,,,Bellflower,CA,P2 | Class A | no website found on Google,,Car Washes
3stepdetailing,,+1-310-427-5698,,,Carson,CA,P2 | Class A | no website found on Google,,Car Washes
Arkham Auto Perfection Shine LLC,,+1-323-338-1903,,,Carson,CA,P2 | Class A | no website found on Google,,Car Washes
Crescent Car wash,,+1-714-761-2800,,,Lakewood,CA,P2 | Class A | no website found on Google,,Car Washes
Paul's Car Wash & Lube Center,,+1-714-828-1880,,,Lakewood,CA,P2 | Class A | no website found on Google,,Car Washes
Clean Rides Mobile Wash and Detail,,+1-312-866-9501,,,Long Beach,CA,P3 | Class A | website broken or unreachable | https://www.washyourwhip.com/,,Car Washes
Mrm Mobile Detail LLC,,+1-805-815-5031,,,Pomona,CA,P2 | Class A | no website found on Google,,Car Washes
JJIREH MOBILE CAR WASH DETAILING,,+1-747-998-9322,,,Whittier,CA,P2 | Class A | no website found on Google,,Car Washes
America Mobile Car Wash & Professional Detailing,,+1-949-500-4725,,,Anaheim,CA,P2 | Class A | no website found on Google,,Car Washes
Auto Shine Mobile Car Wash & Detailing,,+1-714-398-9870,,,Anaheim,CA,P2 | Class A | no website found on Google,,Car Washes
Daytona Car Wash,,+1-714-774-9274,,,Anaheim,CA,P2 | Class A | no website found on Google,,Car Washes
Detail therapy mobile car wash,,+1-714-396-4242,,,Anaheim,CA,P1 | Class A | only a Facebook/booking/directory page | https://www.instagram.com/detail.therapy.mobile.car.wash?igsh=OGQ5ZDc2ODk2ZA==&utm_source=qr,,Car Washes
Jerry’s Mobile Detailing,,+1-714-423-3496,,,Anaheim,CA,P2 | Class A | no website found on Google,,Car Washes
Lincoln West Car Wash,,+1-714-855-4897,,,Anaheim,CA,P2 | Class A | no website found on Google,,Car Washes
Soap City Car Wash Anaheim,,+1-562-331-2618,,,Anaheim,CA,P3 | Class A | website broken or unreachable | http://www.soapcitycarwashanaheim.com/,,Car Washes
Beach & La Mirada Car Wash / Valero Gas,,+1-714-994-1099,,,Buena Park,CA,P2 | Class A | no website found on Google,,Car Washes
Dre’s OC Detailing,,+1-562-440-2489,,,Buena Park,CA,P2 | Class A | no website found on Google,,Car Washes
LINCOLN EXPRESS CAR WASH,,+1-714-220-4990,,,Buena Park,CA,P2 | Class A | no website found on Google,,Car Washes
O.C. Express Car Wash,,+1-714-677-2079,,,Buena Park,CA,P2 | Class A | no website found on Google,,Car Washes
Royal mobile detailing,,+1-714-719-8635,,,Buena Park,CA,P2 | Class A | no website found on Google,,Car Washes
Smartpoint Express Carwash,,+1-714-736-0167,,,Buena Park,CA,P2 | Class A | no website found on Google,,Car Washes
Driven Mobile Detailing,,+1-714-594-8036,,,Costa Mesa,CA,P3 | Class A | website broken or unreachable | https://drivenmobiledetailing.com/,,Car Washes
Hernandez Mobile Carwash,,+1-714-328-9986,,,Costa Mesa,CA,P2 | Class A | no website found on Google,,Car Washes
Orange Coast Shine,,+1-949-274-9638,,,Costa Mesa,CA,P2 | Class A | no website found on Google,,Car Washes
Royal Hand Car Wash,,+1-714-775-1232,,,Costa Mesa,CA,P2 | Class A | no website found on Google,,Car Washes
Unique Hand Wash and Auto Detailing,,+1-714-580-7146,,,Costa Mesa,CA,P2 | Class A | no website found on Google,,Car Washes
Xecutiveline,,+1-949-619-9985,,,Costa Mesa,CA,P3 | Class A | website broken or unreachable | https://www.xecutiveline.com/,,Car Washes
olidens oc mobile carwash,,+1-661-376-9451,,,Costa Mesa,CA,P2 | Class A | no website found on Google,,Car Washes
The Original Commonwealth Fullerton Car Wash,,+1-714-713-2789,,,Fullerton,CA,P2 | Class A | no website found on Google,,Car Washes
$1 Self Carwash,,+1-714-636-7220,,,Garden Grove,CA,P2 | Class A | no website found on Google,,Car Washes
Anaheim West Car wash,,+1-714-537-7982,,,Garden Grove,CA,P1 | Class A | only a Facebook/booking/directory page | https://m.facebook.com/pages/Anaheim-West-Car-Wash/147092785321815,,Car Washes
Auto Detail Dylan,,+1-714-322-2940,,,Garden Grove,CA,P3 | Class A | website broken or unreachable | http://www.autodetaildylan.com/,,Car Washes
Brookhurst 100% Hand Wash and Detail Center,,+1-714-485-9416,,,Garden Grove,CA,P2 | Class A | no website found on Google,,Car Washes
Chapman Car Wash,,+1-714-539-2208,,,Garden Grove,CA,P2 | Class A | no website found on Google,,Car Washes
David's Mobil car wash and detail,,+1-714-350-9801,,,Garden Grove,CA,P2 | Class A | no website found on Google,,Car Washes
Gilberts mobile car wash,,+1-714-913-5204,,,Garden Grove,CA,P2 | Class A | no website found on Google,,Car Washes
Mr Bubble’s Mobile Wash,,+1-714-269-8969,,,Garden Grove,CA,P2 | Class A | no website found on Google,,Car Washes
Oasis Car Wash,,+1-714-530-0880,,,Garden Grove,CA,P2 | Class A | no website found on Google,,Car Washes
Story Ride Car Detailing,,+1-818-450-5181,,,Garden Grove,CA,P3 | Class A | website broken or unreachable | https://stormyridecardetailing.site/,,Car Washes
savage auto detailing,,+1-714-235-3973,,,Garden Grove,CA,P2 | Class A | no website found on Google,,Car Washes
CleanCo Mobile Detailing,,+1-949-680-7537,,,Huntington Beach,CA,P2 | Class A | no website found on Google,,Car Washes
DetailsByGlen,,+1-714-797-4296,,,Huntington Beach,CA,P2 | Class A | no website found on Google,,Car Washes
HB Car wash & coffee bar llc,,+1-714-893-9400,,,Huntington Beach,CA,P2 | Class A | no website found on Google,,Car Washes
Soapy Details,,+1-714-561-7050,,,Huntington Beach,CA,P2 | Class A | no website found on Google,,Car Washes
Surf City Car Wash,,+1-714-890-1937,,,Huntington Beach,CA,P2 | Class A | no website found on Google,,Car Washes
Express Car Wash,,+1-949-786-7297,,,Irvine,CA,P2 | Class A | no website found on Google,,Car Washes
Car Wash,,+1-949-380-9292,,,Lake Forest,CA,P3 | Class A | website broken or unreachable | https://www.lakeforestexpresscarwash.com/,,Car Washes
Pixie,,+1-949-201-0010,,,Irvine,CA,P2 | Class A | no website found on Google,,Car Washes
The Car Spa,,+1-949-733-9700,,,Irvine,CA,P2 | Class A | no website found on Google,,Car Washes
Yesos Touch Mobile Car Wash and Detailing Shop,,+1-714-716-0764,,,Irvine,CA,P2 | Class A | no website found on Google,,Car Washes
Al's Auto Spa,,+1-949-407-8825,,,Lake Forest,CA,P2 | Class A | no website found on Google,,Car Washes
D&T Car Wash & Auto Detailing,,+1-909-252-6866,,,Lake Forest,CA,P2 | Class A | no website found on Google,,Car Washes
DJ Details | Mobile Car Wash & Detailing,,+1-949-264-2730,,,Lake Forest,CA,P3 | Class A | website broken or unreachable | https://www.dj-details.com/,,Car Washes
Eli’s car detailing,,+1-949-230-7100,,,Lake Forest,CA,P2 | Class A | no website found on Google,,Car Washes
LF Detail Lab,,+1-949-402-5507,,,Lake Forest,CA,P3 | Class A | website broken or unreachable | https://lfdetaillab.com/,,Car Washes
Laguna Hills Auto Spa & Detail Center,,+1-949-272-0017,,,Lake Forest,CA,P2 | Class A | no website found on Google,,Car Washes
Town Center Car Wash - Automobile Hand Wash,,+1-949-459-9111,,,Lake Forest,CA,P2 | Class A | no website found on Google,,Car Washes
Fullerton Auto detailer,,+1-916-573-2116,,,Mission Viejo,CA,P2 | Class A | no website found on Google,,Car Washes
Mission Viejo Car Wash,,+1-949-364-3800,,,Mission Viejo,CA,P2 | Class A | no website found on Google,,Car Washes
Next Level Detail,,+1-949-973-2913,,,Mission Viejo,CA,P2 | Class A | no website found on Google,,Car Washes
OCAMPO DETAILING,,+1-949-456-2359,,,Mission Viejo,CA,P3 | Class A | website broken or unreachable | http://ocampodetailing.com/,,Car Washes
OCC Wash,,+1-949-514-3088,,,Mission Viejo,CA,P1 | Class A | only a Facebook/booking/directory page | https://www.instagram.com/occwash,,Car Washes
Big A Auto Wash,,+1-714-532-5586,,,Orange,CA,P2 | Class A | no website found on Google,,Car Washes
Eddie Ceramic Pro Detailing,,+1-714-926-0663,,,Orange,CA,P2 | Class A | no website found on Google,,Car Washes
Harbor Blvd Car Wash,,+1-714-839-8553,,,Orange,CA,P2 | Class A | no website found on Google,,Car Washes
Mr. Spotless Mobile Car Wash and Detailing,,+1-714-409-4590,,,Orange,CA,P2 | Class A | no website found on Google,,Car Washes
Orange County Mobile car wash,,+1-714-770-4810,,,Orange,CA,P2 | Class A | no website found on Google,,Car Washes
Santiago Hills Auto Spa,,+1-714-919-1070,,,Orange,CA,P2 | Class A | no website found on Google,,Car Washes
1STOP Auto Detail,,+1-714-574-4013,,,Santa Ana,CA,P2 | Class A | no website found on Google,,Car Washes
Harley's Premium Mobile Car Wash & Detailing,,+1-949-528-7191,,,Santa Ana,CA,P2 | Class A | no website found on Google,,Car Washes
Independent Auto Detail,,+1-714-654-0881,,,Santa Ana,CA,P2 | Class A | no website found on Google,,Car Washes
Los Amigos Auto Detail & Carwash OC,,+1-714-482-8115,,,Santa Ana,CA,P2 | Class A | no website found on Google,,Car Washes
Luxury detailing,,+1-714-814-7789,,,Santa Ana,CA,P2 | Class A | no website found on Google,,Car Washes
Orange Coin Car Wash,,+1-818-539-4145,,,Santa Ana,CA,P2 | Class A | no website found on Google,,Car Washes
Raceway Express Car Wash,,+1-507-713-7485,,,Santa Ana,CA,P3 | Class A | website broken or unreachable | https://racewaycarwash.com/locations/w-1st-st-santa-ana/?y_source=1_MTA1MDk3NTI3MC03MTUtbG9jYXRpb24ud2Vic2l0ZQ%3D%3D,,Car Washes
Fountain Valley Hand Car Wash,,+1-714-843-0910,,,Westminster,CA,P2 | Class A | no website found on Google,,Car Washes
Springdale Self Serve Car Wash,,+1-424-482-0056,,,Westminster,CA,P2 | Class A | no website found on Google,,Car Washes
Westminster Car Wash,,+1-714-891-5700,,,Westminster,CA,P2 | Class A | no website found on Google,,Car Washes
