niche,class,state,county,batch_file,leads,status,date_loaded,date_called,booked,notes
CAR-DETAILERS,CLASS-A,CA,01-LOS-ANGELES,los-angeles-ca-class-a-batch-01.csv,100,untouched,,,,
CAR-DETAILERS,CLASS-A,CA,01-LOS-ANGELES,los-angeles-ca-class-a-batch-02.csv,100,untouched,,,,
CAR-DETAILERS,CLASS-A,CA,01-LOS-ANGELES,los-angeles-ca-class-a-batch-03.csv,99,untouched,,,,
CAR-DETAILERS,CLASS-A,CA,01-LOS-ANGELES,los-angeles-ca-class-a-batch-04.csv,99,untouched,,,,
CAR-DETAILERS,CLASS-A,CA,01-LOS-ANGELES,los-angeles-ca-class-a-batch-05.csv,99,untouched,,,,
CAR-DETAILERS,CLASS-A,CA,01-LOS-ANGELES,los-angeles-ca-class-a-batch-06.csv,99,untouched,,,,
CAR-DETAILERS,CLASS-A,CA,01-LOS-ANGELES,los-angeles-ca-class-a-batch-07.csv,99,untouched,,,,
CAR-DETAILERS,CLASS-A,CA,01-LOS-ANGELES,los-angeles-ca-class-a-batch-08.csv,99,untouched,,,,
CAR-DETAILERS,CLASS-A,CA,02-ORANGE,orange-ca-class-a-batch-01.csv,98,untouched,,,,
CAR-DETAILERS,CLASS-A,CA,02-ORANGE,orange-ca-class-a-batch-02.csv,97,untouched,,,,
CAR-DETAILERS,CLASS-A,CA,02-ORANGE,orange-ca-class-a-batch-03.csv,97,untouched,,,,
CAR-DETAILERS,CLASS-A,CA,02-ORANGE,orange-ca-class-a-batch-04.csv,97,untouched,,,,
CAR-DETAILERS,CLASS-A,CA,03-SAN-BERNARDINO,san-bernardino-ca-class-a-batch-01.csv,87,untouched,,,,
CAR-DETAILERS,CLASS-A,CA,03-SAN-BERNARDINO,san-bernardino-ca-class-a-batch-02.csv,87,untouched,,,,
CAR-DETAILERS,CLASS-A,CA,03-SAN-BERNARDINO,san-bernardino-ca-class-a-batch-03.csv,86,untouched,,,,
CAR-DETAILERS,CLASS-A,CA,03-SAN-BERNARDINO,san-bernardino-ca-class-a-batch-04.csv,86,untouched,,,,
CAR-DETAILERS,CLASS-A,CA,04-RIVERSIDE,riverside-ca-class-a-batch-01.csv,86,untouched,,,,
CAR-DETAILERS,CLASS-A,CA,04-RIVERSIDE,riverside-ca-class-a-batch-02.csv,86,untouched,,,,
CAR-DETAILERS,CLASS-A,CA,04-RIVERSIDE,riverside-ca-class-a-batch-03.csv,86,untouched,,,,
CAR-DETAILERS,CLASS-A,CA,04-RIVERSIDE,riverside-ca-class-a-batch-04.csv,86,untouched,,,,
CAR-DETAILERS,CLASS-A,CA,05-SAN-DIEGO,san-diego-ca-class-a-batch-01.csv,74,untouched,,,,
CAR-DETAILERS,CLASS-A,CA,05-SAN-DIEGO,san-diego-ca-class-a-batch-02.csv,74,untouched,,,,
CAR-DETAILERS,CLASS-A,CA,05-SAN-DIEGO,san-diego-ca-class-a-batch-03.csv,73,untouched,,,,
CAR-DETAILERS,CLASS-A,CA,06-SACRAMENTO,sacramento-ca-class-a-batch-01.csv,68,untouched,,,,
CAR-DETAILERS,CLASS-A,CA,06-SACRAMENTO,sacramento-ca-class-a-batch-02.csv,68,untouched,,,,
CAR-DETAILERS,CLASS-A,CA,06-SACRAMENTO,sacramento-ca-class-a-batch-03.csv,67,untouched,,,,
CAR-DETAILERS,CLASS-A,CA,07-CONTRA-COSTA,contra-costa-ca-class-a-batch-01.csv,82,untouched,,,,
CAR-DETAILERS,CLASS-A,CA,07-CONTRA-COSTA,contra-costa-ca-class-a-batch-02.csv,82,untouched,,,,
CAR-DETAILERS,CLASS-A,CA,08-SANTA-CLARA,santa-clara-ca-class-a-batch-01.csv,77,untouched,,,,
CAR-DETAILERS,CLASS-A,CA,08-SANTA-CLARA,santa-clara-ca-class-a-batch-02.csv,76,untouched,,,,
CAR-DETAILERS,CLASS-A,CA,09-FRESNO,fresno-ca-class-a-batch-01.csv,74,untouched,,,,
CAR-DETAILERS,CLASS-A,CA,09-FRESNO,fresno-ca-class-a-batch-02.csv,74,untouched,,,,
CAR-DETAILERS,CLASS-A,CA,10-ALAMEDA,alameda-ca-class-a-batch-01.csv,71,untouched,,,,
CAR-DETAILERS,CLASS-A,CA,10-ALAMEDA,alameda-ca-class-a-batch-02.csv,71,untouched,,,,
CAR-DETAILERS,CLASS-A,CA,11-VENTURA,ventura-ca-class-a-batch-01.csv,63,untouched,,,,
CAR-DETAILERS,CLASS-A,CA,11-VENTURA,ventura-ca-class-a-batch-02.csv,63,untouched,,,,
CAR-DETAILERS,CLASS-A,CA,12-STANISLAUS,stanislaus-ca-class-a-batch-01.csv,59,untouched,,,,
CAR-DETAILERS,CLASS-A,CA,12-STANISLAUS,stanislaus-ca-class-a-batch-02.csv,58,untouched,,,,
CAR-DETAILERS,CLASS-A,CA,13-TULARE,tulare-ca-class-a-batch-01.csv,95,untouched,,,,
CAR-DETAILERS,CLASS-A,CA,14-SAN-MATEO,san-mateo-ca-class-a-batch-01.csv,81,untouched,,,,
CAR-DETAILERS,CLASS-A,CA,15-KERN,kern-ca-class-a-batch-01.csv,80,untouched,,,,
CAR-DETAILERS,CLASS-A,CA,16-SOLANO,solano-ca-class-a-batch-01.csv,77,untouched,,,,
CAR-DETAILERS,CLASS-A,CA,17-SANTA-BARBARA,santa-barbara-ca-class-a-batch-01.csv,63,untouched,,,,
CAR-DETAILERS,CLASS-A,CA,18-MERCED,merced-ca-class-a-batch-01.csv,60,untouched,,,,
CAR-DETAILERS,CLASS-A,CA,19-SONOMA,sonoma-ca-class-a-batch-01.csv,59,untouched,,,,
CAR-DETAILERS,CLASS-A,CA,20-MONTEREY,monterey-ca-class-a-batch-01.csv,53,untouched,,,,
CAR-DETAILERS,CLASS-A,CA,21-PLACER,placer-ca-class-a-batch-01.csv,52,untouched,,,,
CAR-DETAILERS,CLASS-A,CA,22-SAN-LUIS-OBISPO,san-luis-obispo-ca-class-a-batch-01.csv,52,untouched,,,,
CAR-DETAILERS,CLASS-A,CA,23-BUTTE,butte-ca-class-a-batch-01.csv,46,untouched,,,,
CAR-DETAILERS,CLASS-A,CA,24-SANTA-CRUZ,santa-cruz-ca-class-a-batch-01.csv,39,untouched,,,,
CAR-DETAILERS,CLASS-A,CA,25-SHASTA,shasta-ca-class-a-batch-01.csv,34,untouched,,,,
CAR-DETAILERS,CLASS-A,CA,26-EL-DORADO,el-dorado-ca-class-a-batch-01.csv,33,untouched,,,,
CAR-DETAILERS,CLASS-A,CA,27-MADERA,madera-ca-class-a-batch-01.csv,32,untouched,,,,
CAR-DETAILERS,CLASS-A,CA,28-YOLO,yolo-ca-class-a-batch-01.csv,32,untouched,,,,
CAR-DETAILERS,CLASS-A,CA,29-MARIN,marin-ca-class-a-batch-01.csv,31,untouched,,,,
CAR-DETAILERS,CLASS-A,CA,30-KINGS,kings-ca-class-a-batch-01.csv,29,untouched,,,,
CAR-DETAILERS,CLASS-A,CA,31-HUMBOLDT,humboldt-ca-class-a-batch-01.csv,24,untouched,,,,
CAR-DETAILERS,CLASS-A,CA,32-SAN-BENITO,san-benito-ca-class-a-batch-01.csv,22,untouched,,,,
CAR-DETAILERS,CLASS-A,CA,33-SUTTER,sutter-ca-class-a-batch-01.csv,22,untouched,,,,
CAR-DETAILERS,CLASS-A,CA,34-YUBA,yuba-ca-class-a-batch-01.csv,22,untouched,,,,
CAR-DETAILERS,CLASS-A,CA,35-IMPERIAL,imperial-ca-class-a-batch-01.csv,20,untouched,,,,
CAR-DETAILERS,CLASS-A,CA,36-NAPA,napa-ca-class-a-batch-01.csv,19,untouched,,,,
CAR-DETAILERS,CLASS-A,CA,37-SAN-FRANCISCO,san-francisco-ca-class-a-batch-01.csv,17,untouched,,,,
CAR-DETAILERS,CLASS-A,CA,38-NEVADA,nevada-ca-class-a-batch-01.csv,10,untouched,,,,
CAR-DETAILERS,CLASS-A,CA,39-TEHAMA,tehama-ca-class-a-batch-01.csv,10,untouched,,,,
CAR-DETAILERS,CLASS-A,CA,40-MENDOCINO,mendocino-ca-class-a-batch-01.csv,9,untouched,,,,
CAR-DETAILERS,CLASS-A,CA,41-CALAVERAS,calaveras-ca-class-a-batch-01.csv,8,untouched,,,,
CAR-DETAILERS,CLASS-A,CA,42-LAKE,lake-ca-class-a-batch-01.csv,7,untouched,,,,
CAR-DETAILERS,CLASS-A,CA,43-SISKIYOU,siskiyou-ca-class-a-batch-01.csv,5,untouched,,,,
CAR-DETAILERS,CLASS-A,CA,44-TUOLUMNE,tuolumne-ca-class-a-batch-01.csv,5,untouched,,,,
CAR-DETAILERS,CLASS-A,CA,45-COLUSA,colusa-ca-class-a-batch-01.csv,3,untouched,,,,
CAR-DETAILERS,CLASS-A,CA,46-INYO,inyo-ca-class-a-batch-01.csv,3,untouched,,,,
CAR-DETAILERS,CLASS-A,CA,47-GLENN,glenn-ca-class-a-batch-01.csv,2,untouched,,,,
CAR-DETAILERS,CLASS-A,CA,48-LASSEN,lassen-ca-class-a-batch-01.csv,2,untouched,,,,
CAR-DETAILERS,CLASS-A,CA,49-MARIPOSA,mariposa-ca-class-a-batch-01.csv,2,untouched,,,,
CAR-DETAILERS,CLASS-A,CA,50-MODOC,modoc-ca-class-a-batch-01.csv,2,untouched,,,,
CAR-DETAILERS,CLASS-A,CA,51-DEL-NORTE,del-norte-ca-class-a-batch-01.csv,1,untouched,,,,
CAR-DETAILERS,CLASS-A,OR,01-MULTNOMAH,multnomah-or-class-a-batch-01.csv,80,untouched,,,,
CAR-DETAILERS,CLASS-A,OR,01-MULTNOMAH,multnomah-or-class-a-batch-02.csv,79,untouched,,,,
CAR-DETAILERS,CLASS-A,OR,02-MARION,marion-or-class-a-batch-01.csv,70,untouched,,,,
CAR-DETAILERS,CLASS-A,OR,03-WASHINGTON,washington-or-class-a-batch-01.csv,59,untouched,,,,
CAR-DETAILERS,CLASS-A,OR,04-LANE,lane-or-class-a-batch-01.csv,57,untouched,,,,
CAR-DETAILERS,CLASS-A,OR,05-JACKSON,jackson-or-class-a-batch-01.csv,50,untouched,,,,
CAR-DETAILERS,CLASS-A,OR,06-CLACKAMAS,clackamas-or-class-a-batch-01.csv,38,untouched,,,,
CAR-DETAILERS,CLASS-A,OR,07-CROOK,crook-or-class-a-batch-01.csv,27,untouched,,,,
CAR-DETAILERS,CLASS-A,OR,08-DESCHUTES,deschutes-or-class-a-batch-01.csv,26,untouched,,,,
CAR-DETAILERS,CLASS-A,OR,09-LINN,linn-or-class-a-batch-01.csv,26,untouched,,,,
CAR-DETAILERS,CLASS-A,OR,10-KLAMATH,klamath-or-class-a-batch-01.csv,19,untouched,,,,
CAR-DETAILERS,CLASS-A,OR,11-DOUGLAS,douglas-or-class-a-batch-01.csv,18,untouched,,,,
CAR-DETAILERS,CLASS-A,OR,12-YAMHILL,yamhill-or-class-a-batch-01.csv,16,untouched,,,,
CAR-DETAILERS,CLASS-A,OR,13-UMATILLA,umatilla-or-class-a-batch-01.csv,12,untouched,,,,
CAR-DETAILERS,CLASS-A,OR,14-BENTON,benton-or-class-a-batch-01.csv,10,untouched,,,,
CAR-DETAILERS,CLASS-A,OR,15-COLUMBIA,columbia-or-class-a-batch-01.csv,10,untouched,,,,
CAR-DETAILERS,CLASS-A,OR,16-JOSEPHINE,josephine-or-class-a-batch-01.csv,10,untouched,,,,
CAR-DETAILERS,CLASS-A,OR,17-LINCOLN,lincoln-or-class-a-batch-01.csv,8,untouched,,,,
CAR-DETAILERS,CLASS-A,OR,18-MALHEUR,malheur-or-class-a-batch-01.csv,8,untouched,,,,
CAR-DETAILERS,CLASS-A,OR,19-COOS,coos-or-class-a-batch-01.csv,7,untouched,,,,
CAR-DETAILERS,CLASS-A,OR,20-POLK,polk-or-class-a-batch-01.csv,7,untouched,,,,
CAR-DETAILERS,CLASS-A,OR,21-UNION,union-or-class-a-batch-01.csv,6,untouched,,,,
CAR-DETAILERS,CLASS-A,OR,22-BAKER,baker-or-class-a-batch-01.csv,5,untouched,,,,
CAR-DETAILERS,CLASS-A,OR,23-CLATSOP,clatsop-or-class-a-batch-01.csv,5,untouched,,,,
CAR-DETAILERS,CLASS-A,OR,24-JEFFERSON,jefferson-or-class-a-batch-01.csv,5,untouched,,,,
CAR-DETAILERS,CLASS-A,OR,25-HOOD-RIVER,hood-river-or-class-a-batch-01.csv,4,untouched,,,,
CAR-DETAILERS,CLASS-A,OR,26-WASCO,wasco-or-class-a-batch-01.csv,4,untouched,,,,
CAR-DETAILERS,CLASS-A,OR,27-CURRY,curry-or-class-a-batch-01.csv,2,untouched,,,,
CAR-DETAILERS,CLASS-A,OR,28-TILLAMOOK,tillamook-or-class-a-batch-01.csv,2,untouched,,,,
CAR-DETAILERS,CLASS-B,CA,01-LOS-ANGELES,los-angeles-ca-class-b-batch-01.csv,77,untouched,,,,
CAR-DETAILERS,CLASS-B,CA,01-LOS-ANGELES,los-angeles-ca-class-b-batch-02.csv,77,untouched,,,,
CAR-DETAILERS,CLASS-B,CA,01-LOS-ANGELES,los-angeles-ca-class-b-batch-03.csv,76,untouched,,,,
CAR-DETAILERS,CLASS-B,CA,02-ORANGE,orange-ca-class-b-batch-01.csv,73,untouched,,,,
CAR-DETAILERS,CLASS-B,CA,02-ORANGE,orange-ca-class-b-batch-02.csv,72,untouched,,,,
CAR-DETAILERS,CLASS-B,CA,02-ORANGE,orange-ca-class-b-batch-03.csv,72,untouched,,,,
CAR-DETAILERS,CLASS-B,CA,03-SAN-DIEGO,san-diego-ca-class-b-batch-01.csv,68,untouched,,,,
CAR-DETAILERS,CLASS-B,CA,03-SAN-DIEGO,san-diego-ca-class-b-batch-02.csv,67,untouched,,,,
CAR-DETAILERS,CLASS-B,CA,04-RIVERSIDE,riverside-ca-class-b-batch-01.csv,57,untouched,,,,
CAR-DETAILERS,CLASS-B,CA,04-RIVERSIDE,riverside-ca-class-b-batch-02.csv,56,untouched,,,,
CAR-DETAILERS,CLASS-B,CA,05-SAN-BERNARDINO,san-bernardino-ca-class-b-batch-01.csv,87,untouched,,,,
CAR-DETAILERS,CLASS-B,CA,06-SACRAMENTO,sacramento-ca-class-b-batch-01.csv,86,untouched,,,,
CAR-DETAILERS,CLASS-B,CA,07-SANTA-CLARA,santa-clara-ca-class-b-batch-01.csv,71,untouched,,,,
CAR-DETAILERS,CLASS-B,CA,08-CONTRA-COSTA,contra-costa-ca-class-b-batch-01.csv,52,untouched,,,,
CAR-DETAILERS,CLASS-B,CA,09-VENTURA,ventura-ca-class-b-batch-01.csv,46,untouched,,,,
CAR-DETAILERS,CLASS-B,CA,10-ALAMEDA,alameda-ca-class-b-batch-01.csv,45,untouched,,,,
CAR-DETAILERS,CLASS-B,CA,11-SAN-MATEO,san-mateo-ca-class-b-batch-01.csv,37,untouched,,,,
CAR-DETAILERS,CLASS-B,CA,12-FRESNO,fresno-ca-class-b-batch-01.csv,36,untouched,,,,
CAR-DETAILERS,CLASS-B,CA,13-STANISLAUS,stanislaus-ca-class-b-batch-01.csv,33,untouched,,,,
CAR-DETAILERS,CLASS-B,CA,14-SONOMA,sonoma-ca-class-b-batch-01.csv,31,untouched,,,,
CAR-DETAILERS,CLASS-B,CA,15-SAN-FRANCISCO,san-francisco-ca-class-b-batch-01.csv,28,untouched,,,,
CAR-DETAILERS,CLASS-B,CA,16-PLACER,placer-ca-class-b-batch-01.csv,26,untouched,,,,
CAR-DETAILERS,CLASS-B,CA,17-SOLANO,solano-ca-class-b-batch-01.csv,25,untouched,,,,
CAR-DETAILERS,CLASS-B,CA,18-KERN,kern-ca-class-b-batch-01.csv,21,untouched,,,,
CAR-DETAILERS,CLASS-B,CA,19-MONTEREY,monterey-ca-class-b-batch-01.csv,21,untouched,,,,
CAR-DETAILERS,CLASS-B,CA,20-SAN-LUIS-OBISPO,san-luis-obispo-ca-class-b-batch-01.csv,21,untouched,,,,
CAR-DETAILERS,CLASS-B,CA,21-MARIN,marin-ca-class-b-batch-01.csv,19,untouched,,,,
CAR-DETAILERS,CLASS-B,CA,22-TULARE,tulare-ca-class-b-batch-01.csv,17,untouched,,,,
CAR-DETAILERS,CLASS-B,CA,23-SANTA-BARBARA,santa-barbara-ca-class-b-batch-01.csv,16,untouched,,,,
CAR-DETAILERS,CLASS-B,CA,24-KINGS,kings-ca-class-b-batch-01.csv,14,untouched,,,,
CAR-DETAILERS,CLASS-B,CA,25-NAPA,napa-ca-class-b-batch-01.csv,14,untouched,,,,
CAR-DETAILERS,CLASS-B,CA,26-BUTTE,butte-ca-class-b-batch-01.csv,13,untouched,,,,
CAR-DETAILERS,CLASS-B,CA,27-EL-DORADO,el-dorado-ca-class-b-batch-01.csv,12,untouched,,,,
CAR-DETAILERS,CLASS-B,CA,28-SHASTA,shasta-ca-class-b-batch-01.csv,12,untouched,,,,
CAR-DETAILERS,CLASS-B,CA,29-MADERA,madera-ca-class-b-batch-01.csv,11,untouched,,,,
CAR-DETAILERS,CLASS-B,CA,30-MERCED,merced-ca-class-b-batch-01.csv,11,untouched,,,,
CAR-DETAILERS,CLASS-B,CA,31-YOLO,yolo-ca-class-b-batch-01.csv,9,untouched,,,,
CAR-DETAILERS,CLASS-B,CA,32-SANTA-CRUZ,santa-cruz-ca-class-b-batch-01.csv,8,untouched,,,,
CAR-DETAILERS,CLASS-B,CA,33-HUMBOLDT,humboldt-ca-class-b-batch-01.csv,7,untouched,,,,
CAR-DETAILERS,CLASS-B,CA,34-NEVADA,nevada-ca-class-b-batch-01.csv,5,untouched,,,,
CAR-DETAILERS,CLASS-B,CA,35-IMPERIAL,imperial-ca-class-b-batch-01.csv,4,untouched,,,,
CAR-DETAILERS,CLASS-B,CA,36-SUTTER,sutter-ca-class-b-batch-01.csv,4,untouched,,,,
CAR-DETAILERS,CLASS-B,CA,37-LAKE,lake-ca-class-b-batch-01.csv,3,untouched,,,,
CAR-DETAILERS,CLASS-B,CA,38-YUBA,yuba-ca-class-b-batch-01.csv,3,untouched,,,,
CAR-DETAILERS,CLASS-B,CA,39-INYO,inyo-ca-class-b-batch-01.csv,2,untouched,,,,
CAR-DETAILERS,CLASS-B,CA,40-MODOC,modoc-ca-class-b-batch-01.csv,2,untouched,,,,
CAR-DETAILERS,CLASS-B,CA,41-MONO,mono-ca-class-b-batch-01.csv,2,untouched,,,,
CAR-DETAILERS,CLASS-B,CA,42-TEHAMA,tehama-ca-class-b-batch-01.csv,2,untouched,,,,
CAR-DETAILERS,CLASS-B,CA,43-TUOLUMNE,tuolumne-ca-class-b-batch-01.csv,2,untouched,,,,
CAR-DETAILERS,CLASS-B,CA,44-CALAVERAS,calaveras-ca-class-b-batch-01.csv,1,untouched,,,,
CAR-DETAILERS,CLASS-B,CA,45-COLUSA,colusa-ca-class-b-batch-01.csv,1,untouched,,,,
CAR-DETAILERS,CLASS-B,CA,46-MENDOCINO,mendocino-ca-class-b-batch-01.csv,1,untouched,,,,
CAR-DETAILERS,CLASS-B,CA,47-SAN-BENITO,san-benito-ca-class-b-batch-01.csv,1,untouched,,,,
CAR-DETAILERS,CLASS-B,CA,48-SISKIYOU,siskiyou-ca-class-b-batch-01.csv,1,untouched,,,,
CAR-DETAILERS,CLASS-B,OR,01-MULTNOMAH,multnomah-or-class-b-batch-01.csv,48,untouched,,,,
CAR-DETAILERS,CLASS-B,OR,02-MARION,marion-or-class-b-batch-01.csv,31,untouched,,,,
CAR-DETAILERS,CLASS-B,OR,03-JACKSON,jackson-or-class-b-batch-01.csv,20,untouched,,,,
CAR-DETAILERS,CLASS-B,OR,04-WASHINGTON,washington-or-class-b-batch-01.csv,18,untouched,,,,
CAR-DETAILERS,CLASS-B,OR,05-DESCHUTES,deschutes-or-class-b-batch-01.csv,17,untouched,,,,
CAR-DETAILERS,CLASS-B,OR,06-CLACKAMAS,clackamas-or-class-b-batch-01.csv,15,untouched,,,,
CAR-DETAILERS,CLASS-B,OR,07-LANE,lane-or-class-b-batch-01.csv,11,untouched,,,,
CAR-DETAILERS,CLASS-B,OR,08-DOUGLAS,douglas-or-class-b-batch-01.csv,6,untouched,,,,
CAR-DETAILERS,CLASS-B,OR,09-LINN,linn-or-class-b-batch-01.csv,6,untouched,,,,
CAR-DETAILERS,CLASS-B,OR,10-POLK,polk-or-class-b-batch-01.csv,6,untouched,,,,
CAR-DETAILERS,CLASS-B,OR,11-JOSEPHINE,josephine-or-class-b-batch-01.csv,4,untouched,,,,
CAR-DETAILERS,CLASS-B,OR,12-UMATILLA,umatilla-or-class-b-batch-01.csv,4,untouched,,,,
CAR-DETAILERS,CLASS-B,OR,13-BENTON,benton-or-class-b-batch-01.csv,3,untouched,,,,
CAR-DETAILERS,CLASS-B,OR,14-CLATSOP,clatsop-or-class-b-batch-01.csv,3,untouched,,,,
CAR-DETAILERS,CLASS-B,OR,15-LINCOLN,lincoln-or-class-b-batch-01.csv,3,untouched,,,,
CAR-DETAILERS,CLASS-B,OR,16-YAMHILL,yamhill-or-class-b-batch-01.csv,3,untouched,,,,
CAR-DETAILERS,CLASS-B,OR,17-COLUMBIA,columbia-or-class-b-batch-01.csv,2,untouched,,,,
CAR-DETAILERS,CLASS-B,OR,18-JEFFERSON,jefferson-or-class-b-batch-01.csv,2,untouched,,,,
CAR-DETAILERS,CLASS-B,OR,19-KLAMATH,klamath-or-class-b-batch-01.csv,2,untouched,,,,
CAR-DETAILERS,CLASS-B,OR,20-MALHEUR,malheur-or-class-b-batch-01.csv,2,untouched,,,,
CAR-DETAILERS,CLASS-B,OR,21-COOS,coos-or-class-b-batch-01.csv,1,untouched,,,,
CAR-DETAILERS,CLASS-B,OR,22-CROOK,crook-or-class-b-batch-01.csv,1,untouched,,,,
CAR-DETAILERS,CLASS-B,OR,23-HOOD-RIVER,hood-river-or-class-b-batch-01.csv,1,untouched,,,,
CAR-DETAILERS,CLASS-B,OR,24-SHERMAN,sherman-or-class-b-batch-01.csv,1,untouched,,,,
CAR-DETAILERS,CLASS-B,OR,25-TILLAMOOK,tillamook-or-class-b-batch-01.csv,1,untouched,,,,
CAR-DETAILERS,CLASS-B,OR,26-UNION,union-or-class-b-batch-01.csv,1,untouched,,,,
CAR-DETAILERS,CLASS-B,OR,27-WASCO,wasco-or-class-b-batch-01.csv,1,untouched,,,,
CAR-DETAILERS,REVIEW-UNVERIFIED,,REVIEW-UNVERIFIED,review-unverified-car-detailers-batch-01.csv,99,untouched,,,,unverified websites; ask about site on call
CAR-DETAILERS,REVIEW-UNVERIFIED,,REVIEW-UNVERIFIED,review-unverified-car-detailers-batch-02.csv,99,untouched,,,,unverified websites; ask about site on call
CAR-DETAILERS,REVIEW-UNVERIFIED,,REVIEW-UNVERIFIED,review-unverified-car-detailers-batch-03.csv,98,untouched,,,,unverified websites; ask about site on call
